{
  "credit": "Made with Blockbench",
  "parent": "builtin/entity",
  "texture_size": [
    64,
    64
  ],
  "display": {
    "thirdperson_righthand": {
      "rotation": [
        -99.05999999999995,
        -0.9800000000000182,
        179.88999999999987
      ],
      "translation": [
        0,
        2,
        0
      ],
      "scale": [
        0.65039,
        0.65039,
        0.65039
      ]
    },
    "thirdperson_lefthand": {
      "rotation": [
        -99.05999999999995,
        -0.9800000000000182,
        179.88999999999987
      ],
      "translation": [
        0,
        2,
        0
      ],
      "scale": [
        0.65039,
        0.65039,
        0.65039
      ]
    },
    "firstperson_righthand": {
      "rotation": [
        1.14,
        -67.14,
        -45.31
      ],
      "translation": [
        -4.25,
        1,
        -3.75
      ],
      "scale": [
        0.61719,
        0.61719,
        0.61719
      ]
    },
    "firstperson_lefthand": {
      "rotation": [
        0,
        -73.5,
        0
      ],
      "translation": [
        -4.25,
        1,
        0
      ],
      "scale": [
        -0.61719,
        0.61719,
        0.61719
      ]
    },
    "gui": {
      "rotation": [
        45,
        -45,
        0
      ],
      "translation": [
        0,
        -1.75,
        0
      ],
      "scale": [
        0.58398,
        0.58398,
        0.58398
      ]
    },
    "head": {
      "rotation": [
        -180,
        0,
        -180
      ],
      "translation": [
        0,
        3,
        0
      ]
    },
    "fixed": {
      "rotation": [
        -180,
        0.75,
        -180
      ],
      "translation": [
        0,
        -6.5,
        -6
      ]
    }
  },
  "textures": {
    "particle": "zerocontact:item/kit_armor"
  }
}